<?xml version="1.0" encoding="UTF-8"?>
<root>
  <item name="com.krishna.videoview.utils.Utils java.lang.String playbackStateIntToString(int) 0">
    <annotation name="androidx.annotation.IntDef">
      <val name="value" val="{com.krishna.videoview.IVideoPlayer.PLAYBACK_STATE_UNDEFINED, com.krishna.videoview.IVideoPlayer.PLAYBACK_STATE_ERROR, com.krishna.videoview.IVideoPlayer.PLAYBACK_STATE_IDLE, com.krishna.videoview.IVideoPlayer.PLAYBACK_STATE_PREPARING, com.krishna.videoview.IVideoPlayer.PLAYBACK_STATE_PREPARED, com.krishna.videoview.IVideoPlayer.PLAYBACK_STATE_PLAYING, com.krishna.videoview.IVideoPlayer.PLAYBACK_STATE_PAUSED, com.krishna.videoview.IVideoPlayer.PLAYBACK_STATE_COMPLETED}" />
    </annotation>
  </item>
  <item name="com.krishna.videoview.utils.Utils void showUserCancelableSnackbar(android.view.View, int, boolean, int) 3">
  </item>
  <item name="com.krishna.videoview.utils.Utils void showUserCancelableSnackbar(android.view.View, int, int) 2">
  </item>
  <item name="com.krishna.videoview.utils.Utils void showUserCancelableSnackbar(android.view.View, java.lang.CharSequence, boolean, int) 3">
  </item>
  <item name="com.krishna.videoview.utils.Utils void showUserCancelableSnackbar(android.view.View, java.lang.CharSequence, int) 2">
  </item>
</root>

