<?xml version="1.0" encoding="UTF-8"?>
<root>
  <item name="com.krishna.videoview.IVideoPlayer int getPlaybackState()">
    <annotation name="androidx.annotation.IntDef">
      <val name="value" val="{com.krishna.videoview.IVideoPlayer.PLAYBACK_STATE_UNDEFINED, com.krishna.videoview.IVideoPlayer.PLAYBACK_STATE_ERROR, com.krishna.videoview.IVideoPlayer.PLAYBACK_STATE_IDLE, com.krishna.videoview.IVideoPlayer.PLAYBACK_STATE_PREPARING, com.krishna.videoview.IVideoPlayer.PLAYBACK_STATE_PREPARED, com.krishna.videoview.IVideoPlayer.PLAYBACK_STATE_PLAYING, com.krishna.videoview.IVideoPlayer.PLAYBACK_STATE_PAUSED, com.krishna.videoview.IVideoPlayer.PLAYBACK_STATE_COMPLETED}" />
    </annotation>
  </item>
  <item name="com.krishna.videoview.IVideoPlayer.OnPlaybackStateChangeListener void onPlaybackStateChange(int, int) 0">
    <annotation name="androidx.annotation.IntDef">
      <val name="value" val="{com.krishna.videoview.IVideoPlayer.PLAYBACK_STATE_UNDEFINED, com.krishna.videoview.IVideoPlayer.PLAYBACK_STATE_ERROR, com.krishna.videoview.IVideoPlayer.PLAYBACK_STATE_IDLE, com.krishna.videoview.IVideoPlayer.PLAYBACK_STATE_PREPARING, com.krishna.videoview.IVideoPlayer.PLAYBACK_STATE_PREPARED, com.krishna.videoview.IVideoPlayer.PLAYBACK_STATE_PLAYING, com.krishna.videoview.IVideoPlayer.PLAYBACK_STATE_PAUSED, com.krishna.videoview.IVideoPlayer.PLAYBACK_STATE_COMPLETED}" />
    </annotation>
  </item>
  <item name="com.krishna.videoview.IVideoPlayer.OnPlaybackStateChangeListener void onPlaybackStateChange(int, int) 1">
    <annotation name="androidx.annotation.IntDef">
      <val name="value" val="{com.krishna.videoview.IVideoPlayer.PLAYBACK_STATE_UNDEFINED, com.krishna.videoview.IVideoPlayer.PLAYBACK_STATE_ERROR, com.krishna.videoview.IVideoPlayer.PLAYBACK_STATE_IDLE, com.krishna.videoview.IVideoPlayer.PLAYBACK_STATE_PREPARING, com.krishna.videoview.IVideoPlayer.PLAYBACK_STATE_PREPARED, com.krishna.videoview.IVideoPlayer.PLAYBACK_STATE_PLAYING, com.krishna.videoview.IVideoPlayer.PLAYBACK_STATE_PAUSED, com.krishna.videoview.IVideoPlayer.PLAYBACK_STATE_COMPLETED}" />
    </annotation>
  </item>
  <item name="com.krishna.videoview.IVideoPlayer.PlaybackState">
    <annotation name="androidx.annotation.IntDef">
      <val name="value" val="{com.krishna.videoview.IVideoPlayer.PLAYBACK_STATE_UNDEFINED, com.krishna.videoview.IVideoPlayer.PLAYBACK_STATE_ERROR, com.krishna.videoview.IVideoPlayer.PLAYBACK_STATE_IDLE, com.krishna.videoview.IVideoPlayer.PLAYBACK_STATE_PREPARING, com.krishna.videoview.IVideoPlayer.PLAYBACK_STATE_PREPARED, com.krishna.videoview.IVideoPlayer.PLAYBACK_STATE_PLAYING, com.krishna.videoview.IVideoPlayer.PLAYBACK_STATE_PAUSED, com.krishna.videoview.IVideoPlayer.PLAYBACK_STATE_COMPLETED}" />
    </annotation>
  </item>
  <item name="com.krishna.videoview.TextureVideoView int getViewMode()">
    <annotation name="androidx.annotation.IntDef">
      <val name="value" val="{com.krishna.videoview.TextureVideoView.VIEW_MODE_DEFAULT, com.krishna.videoview.TextureVideoView.VIEW_MODE_MINIMUM, com.krishna.videoview.TextureVideoView.VIEW_MODE_FULLSCREEN, com.krishna.videoview.TextureVideoView.VIEW_MODE_LOCKED_FULLSCREEN, com.krishna.videoview.TextureVideoView.VIEW_MODE_VIDEO_STRETCHED_FULLSCREEN, com.krishna.videoview.TextureVideoView.VIEW_MODE_VIDEO_STRETCHED_LOCKED_FULLSCREEN}" />
    </annotation>
  </item>
  <item name="com.krishna.videoview.TextureVideoView mViewMode">
    <annotation name="androidx.annotation.IntDef">
      <val name="value" val="{com.krishna.videoview.TextureVideoView.VIEW_MODE_DEFAULT, com.krishna.videoview.TextureVideoView.VIEW_MODE_MINIMUM, com.krishna.videoview.TextureVideoView.VIEW_MODE_FULLSCREEN, com.krishna.videoview.TextureVideoView.VIEW_MODE_LOCKED_FULLSCREEN, com.krishna.videoview.TextureVideoView.VIEW_MODE_VIDEO_STRETCHED_FULLSCREEN, com.krishna.videoview.TextureVideoView.VIEW_MODE_VIDEO_STRETCHED_LOCKED_FULLSCREEN}" />
    </annotation>
  </item>
  <item name="com.krishna.videoview.TextureVideoView void setViewMode(int, boolean) 0">
    <annotation name="androidx.annotation.IntDef">
      <val name="value" val="{com.krishna.videoview.TextureVideoView.VIEW_MODE_DEFAULT, com.krishna.videoview.TextureVideoView.VIEW_MODE_MINIMUM, com.krishna.videoview.TextureVideoView.VIEW_MODE_FULLSCREEN, com.krishna.videoview.TextureVideoView.VIEW_MODE_LOCKED_FULLSCREEN, com.krishna.videoview.TextureVideoView.VIEW_MODE_VIDEO_STRETCHED_FULLSCREEN, com.krishna.videoview.TextureVideoView.VIEW_MODE_VIDEO_STRETCHED_LOCKED_FULLSCREEN}" />
    </annotation>
  </item>
  <item name="com.krishna.videoview.TextureVideoView.EventListener void onViewModeChange(int, int, boolean) 0">
    <annotation name="androidx.annotation.IntDef">
      <val name="value" val="{com.krishna.videoview.TextureVideoView.VIEW_MODE_DEFAULT, com.krishna.videoview.TextureVideoView.VIEW_MODE_MINIMUM, com.krishna.videoview.TextureVideoView.VIEW_MODE_FULLSCREEN, com.krishna.videoview.TextureVideoView.VIEW_MODE_LOCKED_FULLSCREEN, com.krishna.videoview.TextureVideoView.VIEW_MODE_VIDEO_STRETCHED_FULLSCREEN, com.krishna.videoview.TextureVideoView.VIEW_MODE_VIDEO_STRETCHED_LOCKED_FULLSCREEN}" />
    </annotation>
  </item>
  <item name="com.krishna.videoview.TextureVideoView.EventListener void onViewModeChange(int, int, boolean) 1">
    <annotation name="androidx.annotation.IntDef">
      <val name="value" val="{com.krishna.videoview.TextureVideoView.VIEW_MODE_DEFAULT, com.krishna.videoview.TextureVideoView.VIEW_MODE_MINIMUM, com.krishna.videoview.TextureVideoView.VIEW_MODE_FULLSCREEN, com.krishna.videoview.TextureVideoView.VIEW_MODE_LOCKED_FULLSCREEN, com.krishna.videoview.TextureVideoView.VIEW_MODE_VIDEO_STRETCHED_FULLSCREEN, com.krishna.videoview.TextureVideoView.VIEW_MODE_VIDEO_STRETCHED_LOCKED_FULLSCREEN}" />
    </annotation>
  </item>
  <item name="com.krishna.videoview.VideoPlayer int getPlaybackState()">
    <annotation name="androidx.annotation.IntDef">
      <val name="value" val="{com.krishna.videoview.IVideoPlayer.PLAYBACK_STATE_UNDEFINED, com.krishna.videoview.IVideoPlayer.PLAYBACK_STATE_ERROR, com.krishna.videoview.IVideoPlayer.PLAYBACK_STATE_IDLE, com.krishna.videoview.IVideoPlayer.PLAYBACK_STATE_PREPARING, com.krishna.videoview.IVideoPlayer.PLAYBACK_STATE_PREPARED, com.krishna.videoview.IVideoPlayer.PLAYBACK_STATE_PLAYING, com.krishna.videoview.IVideoPlayer.PLAYBACK_STATE_PAUSED, com.krishna.videoview.IVideoPlayer.PLAYBACK_STATE_COMPLETED}" />
    </annotation>
  </item>
  <item name="com.krishna.videoview.VideoPlayer mPlaybackState">
    <annotation name="androidx.annotation.IntDef">
      <val name="value" val="{com.krishna.videoview.IVideoPlayer.PLAYBACK_STATE_UNDEFINED, com.krishna.videoview.IVideoPlayer.PLAYBACK_STATE_ERROR, com.krishna.videoview.IVideoPlayer.PLAYBACK_STATE_IDLE, com.krishna.videoview.IVideoPlayer.PLAYBACK_STATE_PREPARING, com.krishna.videoview.IVideoPlayer.PLAYBACK_STATE_PREPARED, com.krishna.videoview.IVideoPlayer.PLAYBACK_STATE_PLAYING, com.krishna.videoview.IVideoPlayer.PLAYBACK_STATE_PAUSED, com.krishna.videoview.IVideoPlayer.PLAYBACK_STATE_COMPLETED}" />
    </annotation>
  </item>
  <item name="com.krishna.videoview.VideoPlayer void setPlaybackState(int) 0">
    <annotation name="androidx.annotation.IntDef">
      <val name="value" val="{com.krishna.videoview.IVideoPlayer.PLAYBACK_STATE_UNDEFINED, com.krishna.videoview.IVideoPlayer.PLAYBACK_STATE_ERROR, com.krishna.videoview.IVideoPlayer.PLAYBACK_STATE_IDLE, com.krishna.videoview.IVideoPlayer.PLAYBACK_STATE_PREPARING, com.krishna.videoview.IVideoPlayer.PLAYBACK_STATE_PREPARED, com.krishna.videoview.IVideoPlayer.PLAYBACK_STATE_PLAYING, com.krishna.videoview.IVideoPlayer.PLAYBACK_STATE_PAUSED, com.krishna.videoview.IVideoPlayer.PLAYBACK_STATE_COMPLETED}" />
    </annotation>
  </item>
</root>

